1,AGCCTTCGTCGC,CGGGACACCCGA
2,TCCATACCGGAA,CTGTCTATACTA
3,AGCCCTGCTACA,TATGCCAGAGAT
4,CCTAACGGTCCA,CGTTTGGAATGA
5,CGCGCCTTAAAC,AAGAACTCATGA
6,TATGGTACCCAG,TGATATCGTCTT
7,TACAATATCTGT,CGGTGACCTACT
8,AATTTAGGTAGG,AATGCGCGTATA
9,GACTCAACCAGT,CTTGATTCTTGA
10,GCCTCTACGTCG,GAAATCTTGAAG
11,ACTACTGAGGAT,GAGATACAGTTC
12,AATTCACCTCCT,GTGGAGTCTCAT
13,CGTATAAATGCG,ACCTTACACCTT
14,ATGCTGCAACAC,TAATCTCGCCGG
15,ACTCGCTCGCTG,ATCTAGTGGCAA
16,TTCCTTAGTAGT,ACGCTTAACGAC
17,CGTCCGTATGAA,TACGGATTATGG
18,ACGTGAGGAACG,ATACATGCAAGA
19,GGTTGCCCTGTA,CTTAGTGCAGAA
20,CATATAGCCCGA,AATCTTGCGCCG
21,GCCTATGAGATC,AGGATCAGGGAA
22,CAAGTGAAGGGA,AATAACTAGGGT
23,CACGTTTATTCC,GTAGTAGACCAT
24,TAATCGGTGCCA,TATTGCAGCAGC
25,TGACTAATGGCC,TGATGTGCTAAG
26,AGTAAAGATCGT,GTCAACGCTGTC
27,CTCGCCCTCGCC,TGAGACCCTACA
28,TCTCTTTCGACA,ACTTGGTGTAAG
29,ACATACTGAGCA,ATTACGTATCAT
30,GTTGATACGATG,CACGCAGTCTAC
31,TGTGCACGCCAT,CTTATTAAACGT
32,CCGGACAAGAAG,GCTCGAAGATTC
33,TTGCTGGACGCT,TATTTGATTGGT
34,TACTAACGCGGT,TGTCAAAGTGAC
35,GCGATCACACCT,CTATGTATTAGT
36,CAAACGCACTAA,ACTCCCGTGTGA
37,GAAGAGGGTTGA,CGGTATAGCAAT
38,TGAGTGGTCTGT,GACTCTGCTCAG
39,TTACACAAAGGC,GTCATGCTCCAG
40,ACGACGCATTTG,TACCGAAGGTAT
41,TATCCAAGCGCA,TGAGTATGAGTA
42,AGAGCCAAGAGC,AATGGTTCAGCA
43,GGTGAGCAAGCA,GAACCAGTACTC
44,TAAATATACCCT,CGCACCCATACA
45,TTGCGGACCCTA,GTGCCATAATCG
46,GTCGTCCAAATG,ACTCTTACTTAG
47,TGCACAGTCGCT,CTACAGGGTCTC
48,TTACTGTGGCCG,CTTGGAGGCTTA
49,GGTTCATGAACA,TATCATATTACG
50,TAACAATAATTC,CTATATTATCCG
51,ACCGAACAATCC,TTAATGGATCGG
52,ACGGTACCCTAC,TCAAGTCCGCAC
53,TGAGTCATTGAG,CACACAAAGTCA
54,ACCTACTTGTCT,GTCAGGTGCGGC
55,ACTGTGACGTCC,TTGAACAAGCCA
56,CTCTGAGGTAAC,ATATGTTCTCAA
57,CATGTCTTCCAT,ATGTGCTGCTCG
58,AACAGTAAACAA,CCGATAAAGGTT
59,GTTCATTAAACT,CAGGAACCAGGA
60,GTGCCGGCCGAC,GCATAAACGACT
61,CCTTGACCGATG,ATCGTAGTGGTC
62,CAAACTGCGTTG,ACTAAAGCAAAC
63,TCGAGAGTTTGC,TAGGAACTCACC
64,TTAATGGATCGG,CCGATAAAGGTT
65,TCAAGTCCGCAC,CGAGGCGAGTCA
66,GGAGAACGACAC,TTCCAATACTCA
67,CCTACCATTGTT,AACTCAATAGCG
68,TCCGGCGGGCAA,TCAGACCAACTG
69,TAATCCATAATC,CCACGAGCAGGC
70,CCTCCGTCATGG,GCGTGCCCGGCC
71,TTCGATGCCGCA,CAAAGGAGCCCG
72,CACACAAAGTCA,CCACGAGCAGGC
73,AGCTCTAGAAAC,CGCTGTGGATTA
74,CTGACACGAATA,CTTGCTCATAAT
75,GCTGCCCACCTA,ACGACAACGGGC
76,GCGTTTGCTAGC,CTAGCGTGCGTT
77,AGATCGTGCCTA,TAGTCTAAGGGT
78,AATTAATATGTA,GTTTGAAACACG
79,CATTTCGCACTT,ACCTCAGTCAAG
80,ACATGATATTCT,TCATTAGCGTGG
81,GTCAGGTGCGGC,AACTCAATAGCG
82,AGATGTCCGTCA,TAAACCTGGACA
83,TCGTTATTCAGT,CCAACCCAGATC
84,GGATACTCGCAT,TTAAGTTAAGTT
85,AATGTTCAACTT,AGCCGCGGGTCC
86,AGCAGTGCGGTG,GGTAGTTCATAG
87,TTGAACAAGCCA,TGCGGCGTCAGG
88,ATATGTTCTCAA,CGCCGTACTTGC
89,ATGTGCTGCTCG,GTCCTACACAGC
90,TGCTACAGACGT,AGGTGAGTTCTA
91,CTACTCCACGAG,TGACAGAATCCA
92,TAAGGCATCGCT,CCTCGCATGACC
93,AGCGCGGCGAAT,GGCGTAACGGCA
94,TAGCAGTTGCGT,GCGAGGAAGTCC
95,ACTCTGTAATTA,CAAATTCGGGAT
96,TCATGGCCTCCG,TTGTGTCTCCCT
97,CAATCATAGGTG,CAATGTAGACAC
98,GTTGGACGAAGG,AACCACTAACCG
99,GTCACTCCGAAC,AACTTTCAGGAG
100,CGTTCTGGTGGT,CCAGGACAGGAA
